Ville;Latitude;Longitude;Date;weathercode;Temps_Label;temperature_2m_max;temperature_2m_min
PARIS;48.85;2.35;15/08/2026;5;SOLEIL VOILÉ;34.1;23.6
PARIS;48.85;2.35;16/08/2026;0;SOLEIL;30.6;20.1
BREST;48.39;-4.48;15/08/2026;0;SOLEIL;25;16.9
BREST;48.39;-4.48;16/08/2026;0;SOLEIL;25.6;15.6
RENNES;48.11;-1.67;15/08/2026;5;SOLEIL VOILÉ;30.1;18.2
RENNES;48.11;-1.67;16/08/2026;0;SOLEIL;31.1;17.9
CHERBOURG;49.63;-1.62;15/08/2026;0;SOLEIL;27.4;17.7
CHERBOURG;49.63;-1.62;16/08/2026;0;SOLEIL;26.4;17.6
ROUEN;49.44;1.1;15/08/2026;5;SOLEIL VOILÉ;31.6;17.2
ROUEN;49.44;1.1;16/08/2026;5;SOLEIL VOILÉ;30.4;17.1
LILLE;50.62;3.05;15/08/2026;0;SOLEIL;31.1;21.2
LILLE;50.62;3.05;16/08/2026;5;SOLEIL VOILÉ;27.2;17.6
BOULOGNE-SUR-MER;50.726;1.614;15/08/2026;0;SOLEIL;24.6;19.9
BOULOGNE-SUR-MER;50.726;1.614;16/08/2026;5;SOLEIL VOILÉ;24.6;17.7
REIMS;49.25;4.03;15/08/2026;7;PLUIE FAIBLE;36;22
REIMS;49.25;4.03;16/08/2026;0;SOLEIL;30.6;20.1
METZ;49.11;6.17;15/08/2026;2;NUAGEUX;37;21
METZ;49.11;6.17;16/08/2026;10;ORAGEUX;32.9;22.1
NANTES;47.21;-1.55;15/08/2026;5;SOLEIL VOILÉ;34;20.2
NANTES;47.21;-1.55;16/08/2026;0;SOLEIL;30;20.9
TOURS;47.39;0.68;15/08/2026;2;NUAGEUX;33.9;22.7
TOURS;47.39;0.68;16/08/2026;10;ORAGEUX;31.4;20.6
AUXERRE;47.79;3.57;15/08/2026;5;SOLEIL VOILÉ;38.1;21
AUXERRE;47.79;3.57;16/08/2026;10;ORAGEUX;33.6;21.9
CHAUMONT;48.11;5.14;15/08/2026;7;PLUIE FAIBLE;36.5;17.6
CHAUMONT;48.11;5.14;16/08/2026;10;ORAGEUX;32.1;20.1
STRASBOURG;48.57;7.75;15/08/2026;0;SOLEIL;36.6;21.6
STRASBOURG;48.57;7.75;16/08/2026;5;SOLEIL VOILÉ;32.4;22
BOURGES;47.08;2.39;15/08/2026;5;SOLEIL VOILÉ;36.9;24.9
BOURGES;47.08;2.39;16/08/2026;10;ORAGEUX;32.6;23.1
BELFORT;47.63;6.86;15/08/2026;0;SOLEIL;35.4;20.9
BELFORT;47.63;6.86;16/08/2026;10;ORAGEUX;33.6;18.9
LIMOGES;45.83;1.26;15/08/2026;5;SOLEIL VOILÉ;34.6;21.4
LIMOGES;45.83;1.26;16/08/2026;10;ORAGEUX;29.9;20
VICHY;46.12;3.42;15/08/2026;5;SOLEIL VOILÉ;37.9;22.1
VICHY;46.12;3.42;16/08/2026;10;ORAGEUX;33.4;21.6
LYON;45.76;4.83;15/08/2026;0;SOLEIL;39;25.5
LYON;45.76;4.83;16/08/2026;10;ORAGEUX;34.4;25.7
PONTARLIER;46.9;6.35;15/08/2026;7;PLUIE FAIBLE;32.1;17
PONTARLIER;46.9;6.35;16/08/2026;10;ORAGEUX;28.6;16.1
LA ROCHELLE;46.16;-1.15;15/08/2026;2;NUAGEUX;27.1;21.7
LA ROCHELLE;46.16;-1.15;16/08/2026;0;SOLEIL;27.1;21.1
BORDEAUX;44.83;-0.57;15/08/2026;6;AVERSES;33.4;22
BORDEAUX;44.83;-0.57;16/08/2026;0;SOLEIL;30.4;20.6
BIARRITZ;43.48;-1.56;15/08/2026;2;NUAGEUX;26.1;21.7
BIARRITZ;43.48;-1.56;16/08/2026;0;SOLEIL;25.5;21.1
TARBES;43.23;0.07;15/08/2026;2;NUAGEUX;29.2;20.1
TARBES;43.23;0.07;16/08/2026;5;SOLEIL VOILÉ;27.6;19.1
TOULOUSE;43.6;1.44;15/08/2026;5;SOLEIL VOILÉ;34;22.1
TOULOUSE;43.6;1.44;16/08/2026;2;NUAGEUX;31.5;21.4
AURILLAC;44.92;2.44;15/08/2026;5;SOLEIL VOILÉ;33;21
AURILLAC;44.92;2.44;16/08/2026;10;ORAGEUX;27.6;18.1
MONTÉLIMAR;44.55;4.75;15/08/2026;0;SOLEIL;40.1;21.4
MONTÉLIMAR;44.55;4.75;16/08/2026;10;ORAGEUX;36.4;21.1
GAP;44.55;6.07;15/08/2026;0;SOLEIL;33.7;17.5
GAP;44.55;6.07;16/08/2026;10;ORAGEUX;31.6;18.6
PERPIGNAN;42.69;2.89;15/08/2026;5;SOLEIL VOILÉ;34.4;24.6
PERPIGNAN;42.69;2.89;16/08/2026;10;ORAGEUX;34.2;24.9
MONTPELLIER;43.61;3.87;15/08/2026;5;SOLEIL VOILÉ;35.1;24.6
MONTPELLIER;43.61;3.87;16/08/2026;10;ORAGEUX;34.5;25.1
MARSEILLE;43.296;5.381;15/08/2026;0;SOLEIL;31.5;25.7
MARSEILLE;43.296;5.381;16/08/2026;0;SOLEIL;30.1;24.6
AMIENS;49.894;2.295;15/08/2026;0;SOLEIL;32.7;18.7
AMIENS;49.894;2.295;16/08/2026;5;SOLEIL VOILÉ;27.9;17.6
NICE;43.71;7.26;15/08/2026;0;SOLEIL;32.6;26.7
NICE;43.71;7.26;16/08/2026;10;ORAGEUX;31.7;26.7
AJACCIO;41.92;8.73;15/08/2026;0;SOLEIL;35.6;24.5
AJACCIO;41.92;8.73;16/08/2026;0;SOLEIL;33.4;24
BASTIA;42.69;9.45;15/08/2026;0;SOLEIL;34.7;27.4
BASTIA;42.69;9.45;16/08/2026;10;ORAGEUX;34.1;26.7
ALENÇON;48.43;0.09;15/08/2026;5;SOLEIL VOILÉ;33.5;18.4
ALENÇON;48.43;0.09;16/08/2026;0;SOLEIL;29.6;18.1
BOURG-ST-MAURICE;45.62;6.77;15/08/2026;0;SOLEIL;32.4;15.5
BOURG-ST-MAURICE;45.62;6.77;16/08/2026;5;SOLEIL VOILÉ;29.2;15.9
CHALON/SAÔNE;46.78;4.85;15/08/2026;0;SOLEIL;37.2;22.6
CHALON/SAÔNE;46.78;4.85;16/08/2026;10;ORAGEUX;35.9;23.1
AGEN;44.2;0.61;15/08/2026;5;SOLEIL VOILÉ;34.6;21.6
AGEN;44.2;0.61;16/08/2026;5;SOLEIL VOILÉ;32.6;20.6
