Jour;Temp_Mini_Record_Absolu;Temp_Mini_Record_Absolu_Annee;Temp_Mini_Moyenne;Temp_Mini_La_Plus_Haute;Temp_Mini_La_Plus_Haute_Annee;Temp_Maxi_La_Plus_Basse;Temp_Maxi_La_Plus_Basse_Annee;Temp_Maxi_Moyenne;Temp_Maxi_Record_Absolu;Temp_Maxi_Record_Absolu_Annee
1 janvier;-17.0;1971;1.8;11.4;2012;-8.9;1997;6.4;14.3;2022
2 janvier;-14.0;1979;1.8;10.2;2022;-7.3;1997;6.4;13.9;2003
3 janvier;-10.8;1997;1.9;10.8;1948;-5.2;1997;6.5;13.1;1948
4 janvier;-10.0;1979;1.9;9.1;1948;-3.6;1979;6.5;13.4;1999
5 janvier;-14.9;1985;1.9;11.2;1957;-9.4;1985;6.5;13.4;1999
6 janvier;-15.5;1985;1.9;8.6;1983;-5.8;1979;6.5;14.7;2014
7 janvier;-11.0;1979;1.9;8.9;2014;-8.5;1985;6.6;13.5;2005
8 janvier;-19.0;1985;1.9;9.0;1911;-5.8;1985;6.7;13.4;2007
9 janvier;-11.1;1985;1.9;11.0;2020;-3.9;1982;6.7;14.5;2015
10 janvier;-15.8;1985;2.0;10.3;1993;-6.9;1963;6.7;13.2;2007
11 janvier;-10.8;1963;2.0;9.6;1993;-7.6;1987;6.7;13.0;1946
12 janvier;-13.3;1987;2.0;7.8;1976;-8.4;1987;6.7;13.2;1974
13 janvier;-19.2;1982;2.0;11.0;2011;-7.8;1987;6.7;14.2;1993
14 janvier;-19.5;1982;2.0;9.4;2011;-6.9;1987;6.7;13.9;1996
15 janvier;-14.0;1982;2.0;10.0;1974;-9.5;1985;6.7;13.6;1975
16 janvier;-17.8;1985;2.0;9.6;1990;-11.3;1985;6.7;14.1;1993
17 janvier;-18.6;1985;2.0;7.1;1968;-8.3;2013;6.7;10.8;1993
18 janvier;-16.0;1963;2.0;8.2;1974;-9.0;1963;6.7;15.2;2007
19 janvier;-16.6;1966;1.9;8.8;1986;-4.2;1966;6.7;13.7;2007
20 janvier;-8.8;1966;1.8;11.0;2008;-3.0;1950;6.6;13.3;2007
21 janvier;-10.8;1963;1.7;9.0;2008;-4.4;1963;6.5;12.6;1993
22 janvier;-13.8;1963;1.7;8.1;1993;-6.0;1963;6.5;13.3;1995
23 janvier;-11.2;1963;1.6;8.8;1969;-4.6;1963;6.5;12.9;2024
24 janvier;-13.0;1945;1.6;9.8;2024;-3.6;1963;6.4;13.2;1960
25 janvier;-17.6;1945;1.6;8.0;1962;-7.0;1945;6.4;13.1;1990
26 janvier;-16.3;1945;1.5;8.2;1983;-6.1;1996;6.2;12.4;2002
27 janvier;-10.2;1954;1.3;10.5;2002;-4.8;1947;6.1;13.5;2003
28 janvier;-12.3;1952;1.3;10.9;2002;-5.2;1947;6.2;13.9;2002
29 janvier;-13.1;1947;1.2;8.4;1993;-3.3;1945;6.2;12.4;1967
30 janvier;-12.2;1947;1.3;9.7;2000;-4.8;1972;6.3;13.1;2013
31 janvier;-11.2;1954;1.3;9.5;1990;-5.5;1954;6.4;12.9;2020
1 février;-14.3;1956;1.5;10.6;2016;-10.2;1956;6.5;15.6;1957
2 février;-15.6;1956;1.5;10.5;2004;-8.7;1956;6.6;14.5;2002
3 février;-11.7;1956;1.5;9.5;2004;-2.1;1954;6.6;16.6;2004
4 février;-9.3;1954;1.5;11.3;2004;-3.5;1954;6.7;16.1;2004
5 février;-10.4;1954;1.6;11.7;2004;-3.1;1954;6.8;14.4;2004
6 février;-12.5;1963;1.6;10.1;2004;-4.6;1991;7.0;14.0;2004
7 février;-12.7;1991;1.7;8.7;2001;-6.1;1991;7.0;14.4;1990
8 février;-11.3;1953;1.7;9.8;1946;-5.7;1991;7.1;13.6;1966
9 février;-8.8;1986;1.7;10.1;2024;-5.8;1986;7.2;14.0;2020
10 février;-10.8;1986;1.7;8.5;1958;-5.1;1985;7.2;14.7;1958
11 février;-10.6;1956;1.7;10.1;2011;-5.3;1956;7.2;15.0;2011
12 février;-10.5;1985;1.6;11.3;2002;-4.0;1947;7.2;15.0;1998
13 février;-11.4;1985;1.6;8.1;2002;-3.0;1947;7.2;16.8;1998
14 février;-13.3;1956;1.6;11.0;1958;-2.5;1969;7.2;16.5;1998
15 février;-9.6;1956;1.6;12.1;2024;-3.5;1985;7.2;16.5;1998
16 février;-9.1;1985;1.6;10.0;2024;-4.1;1947;7.3;16.5;2020
17 février;-9.4;1956;1.7;9.6;2023;-4.7;1956;7.3;15.6;1950
18 février;-13.4;1956;1.7;9.8;2023;-3.3;1956;7.4;15.9;1950
19 février;-13.0;1956;1.8;9.7;1989;-4.8;1956;7.5;13.9;1990
20 février;-13.5;1956;1.9;10.6;1990;-5.3;1948;7.7;17.8;1990
21 février;-17.8;1956;2.0;10.1;2016;-4.4;1948;7.8;16.2;2021
22 février;-12.2;1956;2.1;8.9;1997;-5.1;1956;7.9;15.2;2021
23 février;-15.6;1956;2.2;8.6;2021;-7.0;1956;8.0;17.1;2021
24 février;-15.1;1956;2.3;10.2;2025;-4.1;1956;8.1;19.0;2021
25 février;-12.9;1956;2.3;9.4;1997;-2.9;1956;8.1;17.7;2019
26 février;-11.7;1956;2.3;9.6;2002;-0.6;1962;8.2;19.0;2019
27 février;-9.3;1986;2.3;8.2;1945;-0.2;2018;8.3;18.4;2019
28 février;-7.7;2018;2.3;7.7;1987;-1.8;2018;8.4;18.9;1960
29 février;-3.2;1968;2.4;10.0;1960;-0.7;1968;8.5;17.4;1960
1 mars;-7.1;1955;2.5;8.7;1960;0.0;1946;8.7;17.8;1959
2 mars;-7.0;1947;2.6;9.8;1999;-0.8;1965;8.8;15.8;1959
3 mars;-6.9;1965;2.7;9.0;1977;-1.0;1987;9.0;16.8;2021
4 mars;-7.4;2005;2.8;9.2;1959;-0.9;1971;9.2;15.9;2025
5 mars;-8.0;1971;2.8;9.1;1991;-1.3;1971;9.4;16.7;1948
6 mars;-8.0;1971;2.9;9.1;1991;-4.0;1971;9.6;18.4;1948
7 mars;-8.5;1971;2.9;10.1;1991;-1.2;1971;9.7;17.9;2025
8 mars;-8.3;1971;2.9;11.8;1981;-0.8;1946;9.9;19.7;2025
9 mars;-8.8;1970;3.0;11.1;1981;1.1;1946;10.2;20.0;1948
10 mars;-7.8;1970;3.2;11.9;1981;0.3;1958;10.6;18.1;2014
11 mars;-8.7;1958;3.5;12.7;1981;-1.2;2013;10.9;17.5;2018
12 mars;-5.6;1958;3.7;8.8;1978;-0.7;2013;11.1;18.5;1997
13 mars;-10.5;2013;3.8;10.8;2024;2.8;1996;11.2;19.1;1957
14 mars;-3.8;1955;3.9;9.2;1957;3.9;1970;11.3;18.2;1948
15 mars;-4.8;1958;3.9;12.0;2024;1.6;1947;11.4;19.4;2012
16 mars;-4.8;1956;3.9;9.9;2004;2.9;1954;11.5;19.9;1972
17 mars;-4.7;1962;4.0;11.0;2005;0.6;2018;11.5;22.0;1990
18 mars;-3.7;1962;4.1;9.7;1957;0.5;2018;11.6;20.8;1990
19 mars;-3.1;1985;4.2;12.2;2010;2.6;2018;11.7;19.5;1972
20 mars;-5.2;1958;4.3;13.1;2010;1.3;1980;11.8;20.4;1972
21 mars;-3.6;1958;4.4;12.2;1990;1.7;1980;11.9;20.0;1972
22 mars;-3.3;1958;4.4;11.7;2025;1.7;1963;11.9;19.6;2022
23 mars;-4.0;1958;4.5;9.6;2023;4.0;2013;11.9;21.2;2012
24 mars;-3.0;1958;4.4;10.1;1994;1.6;2013;12.0;22.0;1945
25 mars;-3.7;1962;4.5;12.5;1981;2.8;2013;12.1;22.0;1955
26 mars;-2.0;1982;4.5;12.0;2006;2.9;1969;12.4;20.8;1953
27 mars;-2.3;1993;4.6;12.7;2006;3.0;1975;12.6;20.8;1989
28 mars;-3.2;1969;4.7;10.6;1980;4.4;1975;12.8;20.9;1968
29 mars;-3.0;1969;4.8;10.9;1994;2.4;1952;12.8;22.7;1968
30 mars;-2.1;2013;4.9;11.1;2023;3.1;1975;12.9;24.0;2021
31 mars;-3.5;1977;4.8;10.6;2006;3.4;1952;13.0;24.8;2021
1 avril;-2.2;1967;4.8;12.3;2011;4.3;1984;13.1;21.1;1990
2 avril;-2.8;1958;4.8;11.2;1945;4.4;1964;13.2;23.5;1946
3 avril;-3.0;1958;4.9;11.5;2014;4.8;1964;13.3;23.4;1946
4 avril;-1.5;1973;4.9;13.9;1949;3.8;1989;13.4;23.4;1946
5 avril;-2.3;1990;4.9;11.9;2024;3.7;1989;13.5;21.3;2020
6 avril;-2.2;1968;5.0;13.5;2024;5.2;1984;13.6;23.9;2011
7 avril;-3.2;2013;4.9;13.2;2014;5.8;1970;13.6;21.9;2014
8 avril;-2.4;1968;4.9;10.8;1960;5.3;1977;13.5;24.9;2020
9 avril;-4.7;1968;5.0;9.5;2020;2.6;1975;13.6;23.6;2017
10 avril;-2.5;1990;5.0;11.4;1952;6.4;2003;13.7;23.5;1981
11 avril;-2.5;2003;5.0;11.0;2013;3.2;1986;13.9;23.8;2020
12 avril;-2.3;1986;5.1;12.5;1945;0.5;1986;14.0;24.9;2020
13 avril;-1.9;1986;5.2;11.4;2007;6.2;1986;14.1;24.9;2007
14 avril;-2.4;1966;5.3;11.3;2013;1.5;1966;14.2;26.0;2007
15 avril;-1.5;1957;5.4;10.8;2003;6.2;1962;14.5;27.9;2007
16 avril;-1.4;1977;5.6;11.8;2003;7.2;1962;14.8;27.4;1949
17 avril;-1.5;1978;5.7;12.6;1945;6.1;1979;15.0;24.9;1949
18 avril;-0.7;1956;5.9;10.5;2003;7.0;1991;15.2;26.2;1949
19 avril;-2.0;1967;6.1;13.5;1988;7.5;1965;15.5;26.8;2018
20 avril;-3.0;1969;6.3;13.0;2018;6.8;1991;15.7;27.3;2018
21 avril;-1.8;1991;6.5;13.0;1993;8.0;1965;15.9;25.9;1968
22 avril;-1.6;1967;6.6;13.2;1996;9.2;1991;16.0;26.5;2018
23 avril;-0.8;1946;6.7;13.0;2019;8.4;1981;16.3;26.4;2011
24 avril;-2.0;1981;6.9;11.1;2011;8.4;2016;16.5;26.1;2011
25 avril;-2.2;1955;7.1;14.9;14;6.4;1950;16.7;26.0;2007
26 avril;-1.0;1985;7.3;12.1;2007;5.3;1971;16.9;25.4;2007
27 avril;-0.9;1949;7.5;12.7;1993;8.2;1970;17.1;26.0;2007
28 avril;-0.8;1970;7.6;15.0;2007;6.0;1951;17.1;26.5;2007
29 avril;-0.3;1971;7.6;13.3;2010;6.6;1951;17.1;27.6;1955
30 avril;-1.1;1976;7.8;14.3;2005;4.1;1945;17.1;26.7;2025
1 mai;-0.8;1945;7.9;13.5;2005;7.6;1979;17.1;28.6;2005
2 mai;-0.5;1967;8.0;14.4;2025;7.9;1979;17.2;27.2;2025
3 mai;-2.3;1967;8.1;13.8;1990;7.8;1979;17.3;26.4;1997
4 mai;0.6;1963;8.2;13.4;2006;8.2;2001;17.4;26.1;2006
5 mai;-0.1;1979;8.4;13.6;2015;8.7;1957;17.5;27.2;1995
6 mai;-0.5;1957;8.6;13.7;1990;7.5;1997;17.5;27.5;1990
7 mai;-1.0;1957;8.6;13.6;1962;9.1;1991;17.6;28.9;1976
8 mai;0.1;1949;8.6;16.6;1988;7.6;1957;17.6;29.1;1976
9 mai;0.7;1977;8.7;15.3;2016;10.2;1949;17.7;28.8;1976
10 mai;0.4;1949;8.7;16.2;2012;9.3;1996;17.8;28.9;1998
11 mai;1.2;1982;8.8;15.8;1998;10.7;1949;17.9;30.0;1998
12 mai;0.9;1955;9.0;14.3;2008;11.4;1996;18.0;30.9;1998
13 mai;2.4;1953;9.0;15.6;2000;9.1;1962;18.1;30.7;1998
14 mai;0.3;1995;9.1;17.3;1998;10.2;1987;18.1;28.9;1992
15 mai;0.0;1973;9.1;15.7;1998;10.0;1987;18.2;28.4;2022
16 mai;1.3;1946;9.2;16.8;2022;7.2;1996;18.2;28.4;2021
17 mai;1.5;1946;9.1;15.2;1945;8.1;1972;18.3;28.2;2017
18 mai;1.8;1968;9.2;15.7;2022;10.0;1969;18.4;27.1;2022
19 mai;1.6;1955;9.3;17.4;2022;11.8;1954;18.6;26.3;1989
20 mai;-0.1;1968;9.4;15.6;1989;10.9;1977;18.8;27.0;1989
21 mai;1.2;1965;9.6;15.7;1989;10.1;1984;18.9;29.3;2020
22 mai;-0.5;1955;9.7;17.7;2020;9.4;1954;19.0;26.7;1989
23 mai;2.6;1957;9.8;14.4;1953;10.0;1963;19.1;27.7;1989
24 mai;3.5;2013;9.9;15.8;2010;8.8;2013;19.2;28.1;2012
25 mai;3.1;1962;9.9;15.7;2012;10.0;1962;19.3;30.1;1953
26 mai;5.0;1981;10.0;16.5;1993;10.2;1962;19.3;29.0;2018
27 mai;2.7;1969;10.2;19.6;2018;11.9;1994;19.4;31.7;2005
28 mai;0.4;1961;10.3;17.3;2018;11.0;1983;19.5;29.6;1954
29 mai;-0.5;1961;10.4;18.0;2017;9.7;1984;19.6;30.3;2017
30 mai;2.1;1961;10.5;16.8;1999;11.2;1975;19.7;29.4;1947
31 mai;2.8;1962;10.6;16.2;2018;11.1;1980;19.8;30.7;1947
1 juin;1.6;1975;10.7;18.1;1947;6.4;1962;19.8;32.2;1947
2 juin;0.0;1962;10.8;16.4;2003;7.8;1962;19.8;32.4;2019
3 juin;1.8;1962;10.8;18.3;2021;8.3;1962;20.0;32.0;1947
4 juin;2.9;1975;10.9;18.4;1947;8.1;1969;20.1;30.3;2011
5 juin;2.8;1975;11.1;17.5;1982;9.4;1986;20.2;32.2;2015
6 juin;5.6;1976;11.2;16.9;1997;9.6;1986;20.2;31.1;1950
7 juin;4.9;1989;11.3;18.4;1996;10.1;1989;20.3;32.6;1996
8 juin;4.6;1952;11.4;16.8;1996;9.9;1968;20.5;31.2;2004
9 juin;2.0;2001;11.5;17.3;2014;9.8;2001;20.5;31.1;1976
10 juin;4.5;1967;11.5;18.6;2023;9.7;1972;20.6;31.5;2023
11 juin;2.1;1955;11.6;18.0;2023;12.7;1956;20.8;32.4;2023
12 juin;4.9;2011;11.7;16.9;2023;13.2;1993;20.9;31.1;2023
13 juin;5.9;1947;11.8;18.6;2025;12.4;1987;21.0;31.7;2006
14 juin;3.5;1967;11.9;18.2;1980;13.3;1963;21.1;28.9;2021
15 juin;4.1;1954;12.0;16.1;2021;10.4;1971;21.2;30.4;2021
16 juin;1.8;1949;12.1;17.8;1986;13.6;1977;21.2;30.0;1986
17 juin;2.1;1949;12.1;19.3;2021;13.3;1975;21.2;31.7;2022
18 juin;5.6;1949;12.2;19.3;2002;14.2;1949;21.4;34.0;2022
19 juin;5.8;1951;12.3;18.0;2006;12.7;1977;21.5;31.8;2000
20 juin;4.8;1951;12.4;18.4;2000;12.2;1996;21.7;32.3;2017
21 juin;5.2;1948;12.6;19.7;2017;14.0;1964;21.8;34.4;2017
22 juin;5.9;1956;12.7;21.1;2017;12.6;1972;22.1;30.6;2017
23 juin;4.0;1949;12.9;18.0;2003;13.6;1996;22.2;31.6;2005
24 juin;4.4;1964;13.0;18.7;2019;12.3;1957;22.4;33.3;1976
25 juin;4.4;1949;13.1;19.0;2020;15.4;1954;22.5;32.6;1976
26 juin;6.8;1957;13.2;18.6;2020;12.3;1978;22.5;33.2;1976
27 juin;4.9;1962;13.3;21.3;1947;13.2;1981;22.6;34.7;1947
28 juin;6.6;1954;13.3;22.0;2011;11.7;1981;22.8;34.8;1947
29 juin;5.8;1960;13.5;18.7;2010;12.4;1981;22.9;33.9;2019
30 juin;5.2;1962;13.6;18.6;2019;15.1;1997;23.0;33.8;1957
1 juillet;4.3;1954;13.7;20.9;2025;12.8;1980;23.0;37.0;2025
2 juillet;5.0;1965;13.7;22.5;2010;14.7;1972;23.1;34.2;2010
3 juillet;6.5;1979;13.8;19.3;2009;14.9;1995;23.0;35.8;1976
4 juillet;4.3;1965;13.8;22.5;2015;14.7;1962;23.0;34.0;1976
5 juillet;3.4;1964;13.8;21.2;1976;13.0;1948;23.0;32.8;1959
6 juillet;7.0;1947;13.8;19.2;1957;15.5;1948;22.9;35.3;1957
7 juillet;4.0;1949;13.8;17.7;1989;14.5;1969;22.9;31.3;1976
8 juillet;6.8;1954;13.8;19.3;2010;14.9;1980;22.8;33.1;1959
9 juillet;7.3;1969;13.8;21.8;2010;13.4;1948;22.9;36.1;1959
10 juillet;5.1;1969;13.8;20.0;2010;12.6;1980;23.0;33.6;1995
11 juillet;7.0;1972;13.9;22.4;2010;13.9;2000;23.0;32.8;1991
12 juillet;6.8;2000;13.8;18.8;1999;15.2;1948;23.0;32.6;2022
13 juillet;8.0;1970;13.9;21.0;2022;16.1;1980;23.2;34.2;1949
14 juillet;7.5;1959;13.9;18.8;1982;16.0;1970;23.3;33.9;1945
15 juillet;5.4;1959;14.1;18.1;2005;15.7;1977;23.5;34.4;1945
16 juillet;5.9;1977;14.1;18.7;1983;13.9;1965;23.7;31.8;1983
17 juillet;5.0;1971;14.2;19.3;2015;15.2;1966;23.8;32.7;1955
18 juillet;6.8;1971;14.2;19.3;2014;17.0;1968;23.9;36.3;2022
19 juillet;7.6;1986;14.3;20.5;2017;15.4;1970;24.0;39.1;2022
20 juillet;6.4;1968;14.3;20.9;2016;15.3;1970;24.1;32.2;1995
21 juillet;6.8;1970;14.4;20.1;1995;16.7;1980;24.2;34.7;1995
22 juillet;5.2;1968;14.5;19.7;1989;16.1;1966;24.3;34.8;1989
23 juillet;7.5;1970;14.6;20.2;1989;16.7;1973;24.4;35.4;2019
24 juillet;5.6;1960;14.6;20.8;2019;14.1;1974;24.4;35.1;2019
25 juillet;8.1;1958;14.6;23.2;2019;16.1;1996;24.5;41.5;2019
26 juillet;6.6;1963;14.6;23.8;2019;15.4;1973;24.6;35.7;2018
27 juillet;7.6;1982;14.6;21.1;2018;16.2;1965;24.6;37.6;2018
28 juillet;5.4;1966;14.6;18.7;2006;16.1;1952;24.6;33.8;1947
29 juillet;7.0;1962;14.6;20.3;1947;16.1;1977;24.6;32.8;1948
30 juillet;8.0;1961;14.5;18.9;2002;17.9;1956;24.6;34.8;1984
31 juillet;7.2;1961;14.5;20.1;2024;16.5;1959;24.7;38.2;2020
1 août;6.4;1965;14.5;19.6;2024;17.4;1956;24.7;33.9;1995
2 août;6.9;1965;14.6;20.0;1995;15.0;1988;24.7;34.2;2013
3 août;8.3;1960;14.5;19.7;1980;16.4;1956;24.7;35.5;1990
4 août;7.4;1955;14.5;19.4;1990;15.6;1956;24.6;36.0;1990
5 août;6.1;1955;14.4;19.5;2004;17.0;2023;24.6;32.3;2003
6 août;7.0;1974;14.4;19.5;2003;17.9;1978;24.6;36.4;2003
7 août;7.5;1987;14.4;20.6;2003;15.2;1962;24.5;36.1;2018
8 août;7.0;1955;14.4;19.2;2020;16.3;1954;24.4;37.1;2020
9 août;6.0;1973;14.3;23.0;2020;17.7;1987;24.3;36.2;2020
10 août;7.1;1963;14.2;21.8;2020;21.8;2020;24.2;36.6;2003
11 août;8.8;1985;14.2;21.6;2020;16.6;1949;24.2;34.8;2020
12 août;6.7;1970;14.2;20.7;2020;15.9;1960;24.1;36.3;2003
13 août;6.8;1961;14.2;19.9;2020;16.5;1948;24.1;33.8;2025
14 août;8.2;1994;14.2;19.7;2025;18.8;2020;24.1;32.9;2022
15 août;6.8;1970;14.1;19.2;2020;16.4;1957;24.0;33.9;1947
16 août;5.0;1966;14.1;17.7;2001;16.1;1957;24.0;35.6;1947
17 août;4.8;1966;14.0;18.6;2022;16.5;1961;23.9;34.6;1947
18 août;6.0;1970;14.0;19.0;2012;13.4;1963;23.8;34.7;2012
19 août;5.9;1968;13.9;21.5;2023;15.1;1964;23.7;33.1;2012
20 août;5.7;1972;13.9;19.4;2009;17.1;1970;23.6;32.1;2009
21 août;5.8;1986;14.0;21.6;2020;21.6;2020;23.4;32.1;1987
22 août;7.3;1957;13.9;18.8;2010;16.6;1966;23.2;30.9;1949
23 août;6.0;1964;13.8;18.6;2010;17.6;2024;23.0;31.5;1997
24 août;4.9;1966;13.7;17.8;1997;16.3;2024;22.9;34.5;2016
25 août;5.0;1966;13.6;19.2;1997;16.4;1954;22.6;35.3;2016
26 août;6.1;1979;13.3;19.8;2010;15.6;1969;22.4;34.4;2001
27 août;6.8;1978;13.2;19.0;2019;15.0;1987;22.2;33.8;2019
28 août;4.5;1978;13.1;19.7;2016;15.5;1957;22.0;30.3;2024
29 août;5.1;1963;13.0;17.2;1945;16.6;2024;21.9;33.1;2017
30 août;4.8;1963;12.9;17.4;2015;15.9;2024;21.7;30.1;2015
31 août;3.9;1956;12.8;16.5;1985;16.4;2024;21.6;31.4;2005
1 septembre;6.0;2012;12.7;18.1;2024;14.6;1956;21.5;33.1;2024
2 septembre;6.0;1962;12.5;17.0;2024;15.4;1976;21.4;28.9;1984
3 septembre;5.5;1982;12.3;18.9;1984;14.4;1965;21.4;30.6;1961
4 septembre;5.0;1957;12.3;17.7;2016;15.2;1992;21.4;32.9;1949
5 septembre;4.8;1986;12.3;18.0;1949;15.3;1952;21.4;33.8;1949
6 septembre;4.5;1993;12.3;19.3;1958;13.7;1994;21.3;31.5;2023
7 septembre;2.1;1952;12.2;16.4;1957;14.5;1984;21.2;31.6;2025
8 septembre;3.9;1967;12.2;17.6;1999;14.9;1977;21.1;32.1;2023
9 septembre;4.4;1986;12.1;18.7;2023;14.7;1952;20.9;34.2;2023
10 septembre;3.4;1967;12.0;19.5;2023;12.0;1972;20.8;33.1;2023
11 septembre;3.1;1986;11.9;17.8;2016;13.2;1965;20.6;30.3;1947
12 septembre;6.1;1967;11.8;17.9;1987;12.9;1983;20.4;31.1;1959
13 septembre;4.8;1952;11.6;19.0;2016;12.9;1998;20.3;32.1;2016
14 septembre;4.2;1962;11.5;19.0;2016;12.3;1955;20.2;31.9;2020
15 septembre;5.5;1979;11.4;17.3;2020;11.9;1986;20.2;35.1;2020
16 septembre;2.4;1971;11.4;17.2;1989;12.8;1994;20.0;29.4;1947
17 septembre;1.7;1971;11.3;18.0;2023;12.2;1994;19.8;27.9;1987
18 septembre;3.2;1971;11.1;18.4;1945;12.3;1952;19.7;29.4;2003
19 septembre;3.3;1977;10.9;17.1;1961;11.2;1952;19.6;29.8;2003
20 septembre;1.8;1952;10.9;18.4;2025;12.4;1994;19.5;30.6;2003
21 septembre;2.4;1962;10.8;16.8;1987;12.5;1960;19.4;30.4;2003
22 septembre;1.2;1948;10.7;17.9;1987;11.3;1984;19.3;26.2;2003
23 septembre;1.2;1979;10.7;15.6;1999;12.2;1974;19.2;25.8;1956
24 septembre;4.5;1973;10.6;17.0;1949;10.3;1984;19.2;27.3;1956
25 septembre;2.3;1979;10.6;15.8;1949;12.4;2020;19.1;24.5;2011
26 septembre;4.5;1972;10.5;16.8;1967;12.0;2020;18.9;25.0;1948
27 septembre;3.7;1960;10.4;17.3;1949;11.3;1993;18.8;26.4;1946
28 septembre;2.0;1969;10.4;16.0;1949;12.5;1993;18.5;26.2;1946
29 septembre;3.3;1964;10.3;15.0;2000;10.0;1974;18.3;27.2;2011
30 septembre;2.8;1954;10.2;14.9;1996;11.2;1960;18.1;26.7;1985
1 octobre;1.7;1988;10.1;15.4;2001;12.3;1978;17.8;27.8;2011
2 octobre;2.1;1969;10.0;15.9;1985;10.1;1974;17.6;27.7;2011
3 octobre;2.0;1980;9.9;17.2;1985;7.2;1998;17.5;27.2;2011
4 octobre;2.2;1947;9.8;16.9;2013;9.0;1998;17.3;25.7;1983
5 octobre;0.5;1972;9.7;15.4;2011;10.7;1992;17.1;23.0;1959
6 octobre;0.8;1971;9.5;14.8;1986;10.0;1998;17.0;23.9;1969
7 octobre;1.3;1971;9.4;17.0;2009;9.2;1956;16.7;24.2;1947
8 octobre;-0.3;1948;9.2;14.5;1986;10.0;1974;16.5;26.3;2023
9 octobre;1.4;1994;9.1;16.6;1997;11.0;1964;16.4;24.5;2023
10 octobre;0.8;1951;8.9;15.5;2011;9.7;1946;16.2;27.2;2023
11 octobre;0.8;1951;8.7;15.1;2018;7.9;1980;16.0;25.0;1970
12 octobre;-1.0;1952;8.5;15.0;1968;9.4;1975;15.8;25.0;1990
13 octobre;0.7;1973;8.3;17.0;2023;5.2;1975;15.7;24.6;2018
14 octobre;-1.1;1964;8.3;15.8;2005;10.1;1974;15.6;23.8;2018
15 octobre;-1.7;1971;8.2;14.4;1949;6.3;2015;15.5;23.7;2017
16 octobre;-0.2;1971;8.1;14.9;1949;10.2;1974;15.4;25.0;2017
17 octobre;0.0;1951;8.0;15.7;2024;8.5;1974;15.2;20.9;1954
18 octobre;-0.9;1955;7.9;13.6;1954;9.1;1992;15.1;23.5;2014
19 octobre;-0.3;1972;7.8;14.7;2014;7.8;1993;14.9;22.2;2014
20 octobre;-0.1;1964;7.8;15.2;2001;7.3;1952;14.8;21.5;2004
21 octobre;-1.2;1964;7.7;13.7;2001;7.2;1952;14.7;21.4;2022
22 octobre;0.1;1985;7.7;14.4;1977;9.4;1993;14.5;23.9;2012
23 octobre;-3.3;1983;7.7;15.3;2006;7.0;2003;14.4;20.9;2022
24 octobre;-3.5;1983;7.6;14.7;2004;7.8;1946;14.3;20.8;1971
25 octobre;-3.4;1946;7.6;13.9;2017;7.8;1946;14.2;21.3;2024
26 octobre;-3.0;1985;7.5;14.9;2013;7.3;1947;14.0;21.2;2006
27 octobre;-4.0;1950;7.4;14.9;1995;4.9;1950;13.8;21.0;2022
28 octobre;-4.4;1950;7.3;13.9;2005;5.4;1963;13.7;21.9;2022
29 octobre;-2.7;1997;7.2;13.7;2005;4.0;1963;13.4;23.1;2022
30 octobre;-3.4;1997;7.1;14.1;2005;3.7;1985;13.2;21.1;1968
31 octobre;-2.3;1949;6.9;14.1;2005;3.0;1985;13.0;20.5;1968
1 novembre;-3.2;1956;6.7;13.6;1968;2.3;1997;12.8;19.3;2014
2 novembre;-5.5;1955;6.6;12.8;1983;0.8;1997;12.5;18.9;2020
3 novembre;-4.7;1980;6.5;13.8;2005;-0.3;1980;12.3;18.3;2005
4 novembre;-4.9;1980;6.3;14.8;2010;1.0;1980;12.1;19.0;1994
5 novembre;-4.3;1988;6.2;13.0;2010;-0.2;1980;12.0;18.0;2025
6 novembre;-4.1;1995;6.2;14.3;2015;0.8;1980;11.7;20.3;2018
7 novembre;-1.5;1990;6.1;16.3;2015;2.0;1980;11.6;20.1;2015
8 novembre;-3.0;1980;6.0;10.6;1992;2.3;1959;11.4;18.0;1982
9 novembre;-3.3;1981;5.9;12.3;2015;2.4;1948;11.3;18.1;2020
10 novembre;-3.6;1968;5.7;11.9;2015;2.4;1948;11.0;17.8;1977
11 novembre;-1.6;1948;5.5;12.3;1988;1.4;1978;10.9;18.1;1995
12 novembre;-2.8;1971;5.5;12.1;1947;3.1;1959;10.7;20.1;1995
13 novembre;-4.4;1983;5.4;10.7;2010;-1.0;1975;10.5;17.2;2009
14 novembre;-5.0;1965;5.3;12.7;2006;-1.2;1965;10.4;15.3;1964
15 novembre;-7.8;1983;5.1;12.2;2006;-0.7;1952;10.2;15.1;1963
16 novembre;-7.3;1965;4.9;12.5;1980;-1.1;1968;10.0;15.9;2009
17 novembre;-2.8;1968;4.8;12.8;1990;1.9;1972;9.8;16.4;2015
18 novembre;-4.2;1998;4.6;11.7;2015;-0.8;1967;9.6;15.2;1963
19 novembre;-3.8;1985;4.5;11.5;2003;-2.7;1985;9.4;16.0;1963
20 novembre;-4.9;1985;4.3;12.9;1994;-1.3;1985;9.2;16.0;1981
21 novembre;-4.6;1998;4.2;10.4;1994;-1.4;1993;9.0;17.0;2009
22 novembre;-6.6;1988;4.0;12.6;1947;-0.7;1998;8.8;15.4;1984
23 novembre;-7.6;1956;3.9;13.0;1947;-0.7;1998;8.7;15.7;2003
24 novembre;-7.8;1998;3.8;11.0;1980;-0.8;1956;8.5;17.2;2024
25 novembre;-5.7;1956;3.6;11.3;1986;0.2;1993;8.3;17.4;2006
26 novembre;-5.7;1989;3.5;13.0;1983;2.1;1985;8.2;15.2;1983
27 novembre;-3.0;1967;3.4;11.0;1994;-1.1;1993;8.1;14.3;2006
28 novembre;-4.6;1948;3.3;9.6;1994;-2.3;1993;8.0;15.4;2014
29 novembre;-7.2;1948;3.3;10.3;2000;0.1;1977;7.9;14.1;1954
30 novembre;-7.2;1978;3.1;10.4;2001;-3.2;1989;7.8;13.6;2001
1 décembre;-5.8;2015;3.0;11.2;2001;-2.4;1989;7.7;14.6;1984
2 décembre;-9.2;1973;2.9;10.9;1985;-2.5;1989;7.6;14.2;2018
3 décembre;-8.6;1989;2.7;12.1;2018;-0.6;1991;7.4;14.4;1954
4 décembre;-6.3;1962;2.5;10.4;1985;0.7;1950;7.3;15.7;1953
5 décembre;-8.3;1962;2.5;11.2;2006;-2.8;1995;7.2;14.7;2006
6 décembre;-5.3;1962;2.4;10.8;1979;-1.2;1995;7.1;14.0;2007
7 décembre;-5.8;1969;2.4;8.7;1985;-2.1;1969;7.1;15.9;2000
8 décembre;-6.4;1980;2.3;10.4;2025;-1.6;1980;7.0;14.5;2025
9 décembre;-9.3;1945;2.1;10.5;2025;-4.1;1945;7.0;14.1;2025
10 décembre;-9.5;1969;2.1;11.0;2025;-3.0;1969;7.0;14.6;1961
11 décembre;-12.0;1967;2.0;11.2;1961;-2.2;1967;6.9;14.6;1961
12 décembre;-8.7;1968;2.0;11.3;2000;-3.7;1968;6.9;14.3;1998
13 décembre;-8.0;1968;2.1;9.5;1994;-4.2;1968;7.0;13.1;2003
14 décembre;-10.2;1968;2.1;8.6;1972;-2.8;1968;6.9;13.8;1989
15 décembre;-11.9;1963;2.1;9.6;1948;-2.8;1963;6.9;13.6;1989
16 décembre;-10.0;1946;2.2;10.8;1956;-4.0;1946;7.0;15.0;1989
17 décembre;-9.8;1946;2.3;11.9;2015;-3.7;1981;7.1;14.9;2015
18 décembre;-8.4;1946;2.4;11.0;1965;-3.4;1946;7.1;14.0;1987
19 décembre;-8.0;1946;2.4;10.9;1993;-2.8;1969;7.1;14.4;2015
20 décembre;-11.2;1946;2.4;9.2;2022;-6.8;1946;7.1;13.9;1989
21 décembre;-12.3;1946;2.4;11.9;1989;-4.2;1946;7.1;14.6;1989
22 décembre;-7.6;1946;2.4;11.4;2020;-3.5;1946;7.0;14.1;2015
23 décembre;-9.7;1962;2.4;10.8;2020;-6.3;1946;7.0;14.2;1977
24 décembre;-11.0;1963;2.4;10.1;1977;-4.4;1962;6.9;13.2;1977
25 décembre;-9.3;1961;2.4;11.4;2023;-4.0;1962;6.8;14.4;1997
26 décembre;-10.0;1948;2.2;10.0;1974;-2.8;1961;6.6;13.8;2015
27 décembre;-12.7;1964;2.3;10.9;2002;-3.8;1962;6.6;13.1;1994
28 décembre;-10.0;1996;2.2;11.8;1994;-5.6;1996;6.5;14.2;1955
29 décembre;-17.3;1964;2.0;9.4;2012;-8.4;1950;6.4;13.8;2021
30 décembre;-14.0;1950;1.9;13.0;2021;-5.5;1950;6.4;16.0;2022
31 décembre;-12.4;1978;1.9;12.4;2022;-9.2;1978;6.4;16.1;2022
